ID,Name
18,O'Neal Manufacturing Services
22,Oaklane Colony
26,New-INDY Containerboard LLC
30,Clearwater Solutions
34,Huff Contracting INC
42,Owens Corning
46,General labor & industrial staffing services
50,Alloy Die Casting
54,Caterpillar
58,Hess Farms Inc
62,A Way of Life
66,Alpine Mechanical Services LLC
70,Mellon Certified Restoration
74,J & L Pottery
78,Eyekon Medical
82,Acadiana Renal Physicians
86,EDM
90,Cato Gas Oil and Propane
94,CE Printed Products
98,Avon Gin Inc
104,Hillphoenix
108,South Jersey Gas
112,National Hospitality Group
116,City of Covington (GA)
120,Nationwide Insurance
124,Natchez Adams School Dist
128,Strickland Waterproofing
132,Pidherneys Inc
136,Bartlett Dairy
140,N A
144,Virginia Commonwealth U
164,San Antonio Zoo
166,Roger H. Madon
168,CK Power
170,Volkswagen & Audi of America
172,Industrial Acoustics Co
174,Applied Thin?Film Products
176,Otto Environmental Systems North America Inc
178,AMRI Albuquerque
196,Impact fire Services
198,GNC/Nutra
200,MPW Industrial Services
202,VP Inc
204,Hilton McLean Tysons Corner Hotel
206,Accuclean
208,JCPenney
210,Santa Monica Malibu Usd
228,Washington Court Hotel
230,Flexsteel
232,Coast Aluminum and Architectural Inc
234,A DEC
236,A&G Management
238,Rhino Inc
240,The Toro Company
242,H&S Mfg Co Inc
258,Sika Corporation
260,Alply Insulated Panels
262,Universal Lighting Technol
266,Ingersoll Rand
268,Donaldson Co Inc
270,Forest City
272,Sysco East Texas
278,Pace Analytical Services Inc
284,WOW Logistics
290,Jefferson Rescue Squad
294,Res
296,II?VI Inc
300,Kca
306,Celadon Trucking Services Inc
308,Beta Offshore
310,Acme Paper & Supply Co
312,D Best Cleaner/Quality Enterprises
314,Southern Ionics Inc
326,The Highland Dallas
328,Dairy Farmers of America
330,Swift Transportation Co Inc
332,River Road Park District
340,Sears Holdings
346,Vie-Del Company
348,Tosoh Quartz Inc
350,Amycel Inc
358,Truitt Bros
360,Nalco an Ecolab Company
362,Merit Medical
364,Keystone Community Resources Inc
366,Liberty Medical Center
380,Derr Isbell Construction
382,Midwest Express Inc
384,Colonial Electric
388,Arctic Glacier
390,Alton Steel
392,AROW GlobalCorp
394,Coorstek
408,Alupress
414,Oconee Fall Line Technical College
416,Ceramics Industrial Coatings Corporation
418,System Services of America
420,Green Bay Packaging
422,Sierra Gold Nurseries
424,Oregon Supported Living Progra
426,Kansas Building Products
444,Cornerstone Consolidated
446,Track Utilities
448,Jaco Custom Grinding Corp
450,E.S.I.
452,Malarkey Roofing Products
454,TeamCraft Roofing Inc
456,Sun Valley Rice Llc
458,SilMan Construction
476,Danos and Curole Contractor
478,General Dynamics
480,NYSE&G (New York State Electric & Gas)
482,Weir Floway Inc
484,Faribault Foods
486,Dekoron Wire & Cable Inc
488,Rehrig Pacific
490,Armada
508,Beavers Tie & Lumber Co
510,Truck Specialty Center
512,Travel Centers of America
514,ScotBilt Homes Inc
516,Novelty Inc
518,R&B Foods Inc
520,Voss Equipment
522,Arup Laboratories
540,Grunau Company Inc
542,Pvs
544,Lake Superior Consulting
546,Shaw Industries
548,Flanders Filters Inc
550,Accutemp Products Inc
552,ABR Employment Services
554,Occidental Chemical
570,Lakeside Foods Inc
574,Sadara Chemical
576,GCU Trucking Inc
578,Alliedbarton Security Services
580,Advanced Disposal
582,American University of Beirut
584,Farmland Foods Inc
586,Baumer Foods Inc
604,RR Donnelley
606,Genesis Attachments
608,Lacks
610,Swartz Contracting
612,Interchem Corp
614,American Steel & Aluminum
616,Armanino Foods
628,Wonton Food
636,FIBRIX
638,Dorel Juvenile Group
640,Granary Aase Inc
642,Grandview Hospital
644,Mekra Lang NA
646,Glenn O Hawbaker Inc
648,USG
666,M&E GLOBAL GROUP
668,Llano Development
670,McLaughlin Body
672,Coldwater Veneer Inc
674,Brooks Brothers Co
676,Holy Family Convent
678,Latrobe Window Cleaning Co Inc
680,Verandah Club
696,Valero
700,Coi Enterprises
702,Pearson Candy
704,Atlanta Supply Chain Inc
706,Arkansas Tech University
708,LSG Sky Chefs
710,Firekeepers Casino Hotel
712,Farwest Corrosion Control
730,San Gabriel Valley Water Compa
732,Exide
734,City of Lakewood
736,Barr Trans Corp
738,Vesta Inc
740,Orange Coast College
742,Mizkan Lyndonville
744,L4 Inc
762,T. Marzetti
764,Cass Clay Creamery
766,United States Marine Corps Garrison Mobi
768,Platinum Property Care Llc
770,Stanley Steemer Carpet Cle
772,PLANET GRANITE INC
774,SWI Industrial Solutions
776,Digital Reception Services
794,Fairmont Homes
796,Milaegers Inc
798,Southern California Edison
800,United Alloy Inc
802,Stonebridge Operating Co LLC
804,Oracle Packaging
806,City of Tucson Central Safety Services
808,Alkon Corp
826,Vitex Extrusion
828,United Way
830,Pace Industries Airo Division
832,Hilton Grand Vacations Club
834,Pickett Transport
836,CIRCOR Leslie Controls inc
838,Iron Mountain
840,Portland Bottling Company
858,Iris
860,Bay Counties
862,Alpha Technical Services Corp
864,Royal Coach Tours
866,Vulcan Hart Corp
868,Hershey Chocolate
870,Snyders
872,Marastar LLC
890,Damon Industries Inc
892,Johns Manville
894,Kaiser Permanente Medical Ctr
896,Reich Tool
898,Ooida
900,Servicemaster Total Restoration
902,Hazelwood School District
904,Freije Engineered Solutions Co
922,G & B Specialties Inc
924,A J Johns
926,Fountaingrove Inn
928,Hobby Lobby
930,Memorial Regional Medical Ce
932,University of Kentucky
934,Gerber Blades
936,Guittard Chocolate Co
954,Ohserase Manufacturing LLC
956,Judge Rotenbrg Center
958,Pitney Bowes Presort Services
960,Universal Forest Products
962,Southeastern Aluminum Sourci
964,JBT FoodTech
966,Illes
968,Alcore Inc
986,Arbor Contract Carpet
988,Sysco Pittsburgh
990,Wal-Mart Distribution
992,Meadowbrook Hospital
994,Kennedy Manufacturing Company
996,Servpro
998,Sysco Minnesota
1000,Innophos
1018,Vance & Hines
1020,Nicomatic
1022,Alloy Machine Works
1024,Siegel Oil Company
1026,R.F. Knox Co. Inc
1028,FedEx
1030,C&W Services
1032,Mission Pharmacal Co
1050,Hayes Manufacturing
1052,ASRC
1054,Bemis Co
1056,Niacc
1058,Outlook Nebraska Inc
1060,Abb Robotic Systems
1062,Servpro of Lodi
1064,Compressor Engineering Corp
1082,CCL
1084,Central States Manufacturing
1086,Wiginton Corporation
1088,Central California SPCA
1090,Emcor Government Services
1092,Beverly Hills Hotel
1094,Arrow Stage Lines Inc
1096,City Line K
1114,Arias & Associate Inc
1116,Ganong Bros. Limited
1118,Schreiber Foods Inc
1120,P&G
1122,BagTape Closures
1124,Cei
1126,Phillips County Hospital
1128,Mount Washington Pediatric Hospital
1146,Afterdisaster - Metrolina
1148,NeoGenomics Laboratories
1150,Fbm
1152,Gascosage Electric Coop
1154,Bjs Wholesale Club
1156,Pacific Tank Lines
1158,Centrus Energy
1160,Hilton Alexandria Mark Center
1178,Serta Mattress
1180,Gresham Smith and Partners
1182,Intech Mechanical
1184,General Electric
1186,Tampa Bay Steel
1188,Aleris International Incorporated
1190,Economy Paving
1192,Waile Beach Marriott
1210,Welch Packaging Group
1212,Star of Hope
1214,Thistledown
1216,Conesys Inc
1218,InnSight Hotel Management Group
1220,Midtown Athletic Clubs
1222,Sugar Foods Corp
1224,Marvin Windows
1242,Victory Programs Inc
1244,Cherokee Nitrogen
1246,Ruffin Company/Marriott Tulsa Southern Hills
1248,Age Corp
1250,Boyd Lighting
1252,CK Technologies
1254,Uc San Diego
1256,Poultry Producers Co Inc
1274,Parkside Psychiatric Hospital & Clinic
1276,Exel
1278,The Goodyear Tire & Rubber Company
1280,Red Pointe Roofing
1282,Cibaria Intl
1284,City of Hayward CA
1286,Paul Nebrasky Plumbing
1288,BPA
1306,City of Philadelphia Water Department
1308,Port of San Diego
1310,Biokyowa Inc
1312,Reagan power and compression
1314,AFCO Pump
1316,Latham Pool
1318,Toyota Boshoku America
1336,Imperial Bag & Paper Co
1338,Consolidated Container Company
1340,Norma Pennsylvania
1342,Siegel-Robert Inc
1344,Summitt Trucking Llc
1346,NYC DOT
1348,American Science & Engineering
1350,Detroit Tool Metal Products
1364,E.E. Austin & Sons
1370,Meenan Oil Co
1372,Oregon Feralloy partners
1374,Burch Food Services
1376,Nat Auto Parts
1380,R&D Molders Inc
1382,Tie Down Engineering
1384,Lafarge Canada Inc
1390,The sticker life
1400,Ozarc Gas
1402,Big Country Electric Cooperative Inc
1408,Landsun Homes
1410,Commodity Forwarders Inc
1412,University of North Texas
1414,Cortland County
1418,Advantage Resourcing
1422,Gilchrist Construction Company
1424,City of Philadelphia
1432,Human Touch LLC
1442,Thomas Strip
1444,Sugar Foods Corporation
1446,Rheem Manufacturing Co
1448,Trans Dev NA
1450,Fibertech Environmental Services
1452,Leonard Buildings and Truck Accessories
1454,Rubbermaid
1470,J. Kadowaki Inc
1474,City of Albuquerque
1476,TRC
1478,2nd Chance Pallets
1480,Advantage Logistics Midwest
1482,County Commission
1484,Jarden Consumer Solutions
1486,APO Pumps & Compressors
1502,Berry Plastics
1506,KIRCHHOFF Automotive
1508,Glass Trucking Company Inc
1510,Tejon Ranch
1512,Lady Luck Casino
1514,Blue Apron
1516,Climet Instr
1518,Chromalloy
1536,Floyd Medical Center
1538,Igloo Products
1540,RB Humphreys Inc
1542,Dak Americas Cedar Creek
1544,San Bernardino City Schools
1546,South Cumberland Medical Assoc
1548,New England Newspapers Inc
1550,Forsyth Co. Health Department
1564,Lifetouch NSS
1566,Sac Health System
1568,Cedar Springs Hospital
1574,Silgan Containers Corp
1576,Morris Inc
1578,Nashua Corporation
1580,Hickory Printing/RR Donnelley
1596,Glacier Water Services Inc
1600,Eastern Industries Inc
1602,John Roberts Co
1604,Ame International
1606,The International Group
1608,Jack Links
1610,Nova Management Inc
1612,Jess Smith Cotton LLC
1630,Belmont Behavioral Hospital
1632,City of Cortez
1634,General Excavating
1636,Sorin Group
1638,Voestalpine Roll Forming Corporation
1640,NSN
1642,Joe Beeney
1646,Ready Pac Foods
1662,GP Cellulose Memphis
1664,Dentalez
1666,Long Beach Gas Company
1668,Safety Systems and Signs Hawaii
1670,Navitor
1672,Service Master Buncombe Co
1674,Trane
1692,Akita Enterprises Ltd
1694,Greenville Tech
1696,Midstates Group
1698,Alarm New England
1700,Marathon Truck Body
1702,Regent Aerospace Corp
1704,Homer City Generating Station
1706,Industrial Safety and Rescue
1724,First TN Human Resource Agency
1726,Bal Seal Engineering
1728,South Coast Winery Resort & Spa
1730,Marsh
1732,Barr Fabrication LLC
1734,Organic Dyes & Pigments
1736,VT Industries
1738,Dedicated Logistics Inc
1756,Unilever Pakistan Limited
1758,Illinois Central School Bus
1760,Gulf Coast Building Products
1762,JTEKT Automotive SC
1764,Leprino Foods
1766,Buchheit Inc
1768,Republic National Distributing Company
1770,McCormick Distilling Co
1788,Approved Fire Protection
1790,NWGP Inc
1792,Warehouse Services Inc
1794,Berry Plastics Corporation
1796,Chrysler Corp
1798,Perfecting That Cleaning Service LLC
1800,Colonie Landfill
1802,HVH Transportation Inc
1820,Norbord Minnesota
1822,Turkey Hill Dairy
1824,Hose Master
1826,Frames USA Inc
1828,Tahoe Seasons Resort
1830,Protective Industries Inc
1832,Cargill
1834,Copper Spring Solutions LLC
1852,Lakeview Cheese Company
1854,Valiant Management & Holdings
1856,Vendors Supply Inc
1858,Sakakawea Medical Center
1860,DPSG
1862,Michaels Incorporated
1864,Bay Photo Lab
1866,Marlboro County
1884,Burke Distributing
1886,Tops Markets
1888,Newport Lease and Rental
1890,Moore Food Distributors
1892,FirstLight Home Care
1894,Conner Industries Inc
1896,Schluter Systems
1898,JM Eagle
1916,Bonanza BioEnergy LLC
1918,Schneider Electric
1920,Olympic Adhesives Inc
1922,Hire Dynamics
1924,V3 Data Intel Inc
1926,Chartwells
1928,Midwestern Services Inc
1946,Charah
1948,Riesbecks Food Markets
1950,NOVOLEX / Bagcraft Papercon
1952,Metal X
1954,WestRock
1956,Great Lakes Cheese Co Inc
1958,D & G Hauling
1976,Brouwer Brothers Steamatic
1978,PepsiCo
1980,Town of Victor
1982,Replex Plastics
1984,Toyoda Gosei
1986,VUTEQ
1988,Green America Recycling
1990,PCC - Andrews Laser Works
2008,JBS/MOPAC
2010,Mies Wholesale Meats Inc
2012,Falcon Steel
2014,Yampa Valley Electric Cooperative
2016,Brevard Zoo
2018,McKneely Companies
2036,Sanofi U.S
2038,Gatepath
2040,Georgia Pacific
2042,Lanter Distrubuting LLC
2044,E F Palmer Printers
2046,Celanese
2064,Saab Barracuda USA
2066,Dominion
2068,Goodwill Industries of Central NC
2070,Murrysville Machinery Company
2088,Suffolk Construction Company
2090,Jensen Inc
2092,Conn-Selmer Inc
2094,Lodge Manufacturing Co
2110,Raytheon Missile Systems Company
2114,ILJIN USA Corp
2116,Carondelet Health Network
2118,Plastipak Packaging Inc
2120,LSC
2136,Lfucg Div of Waste Management
2140,Dark Horse Comics Inc
2142,Bell Helicopter Textron
2144,McAlvain
2148,Cooper Tire
2158,Conatech Consulting Group Inc
2166,Manafort - Precision
2168,PCC Network Solutions
2178,Cummins Rocky Mountain
2186,North American Lighting
2196,Cooper-Standard
2198,Examinetics
2200,Core Staff
2214,Progressive Waste Solutions
2220,Louisiana State Police
2222,Eastern Land Management
2224,Ball Corp
2242,Finkl Steel
2244,Skinny Duck Ent
2246,FWS
2248,Defense Supply Center PA
2266,DS Solutions
2268,Baking Company
2270,Seabrook Plastics
2272,Chief Industries
2274,Best Sanitizers
2292,Har-bro Inc
2294,Hibbing Public Utilities
2296,Dyke Industries
2298,Metra
2300,Cave Hill Corp
2302,Lewis Taylor LLC
2304,Hasgoe
2306,Breezy Point Resort
2318,Marlette Homes
2322,AP Industries Inc
2328,Flexitech Inc
2330,City of Grants Pass
2332,AZZ Inc
2334,American Tire Company
2336,Pathways to Independence Inc
2338,Warren Fastenings South Inc
2354,Pacifica Senior Living NewForest Estates
2358,Associated Materials Inc
2360,USALCO LLC
2362,Kelloggs Snacks
2364,Johnsonville
2366,Mid State Auto Auction
2368,Coveris
2370,Panera Bread
2386,Ted Wiens
2388,Bonanza Creek Energy Inc
2390,Anaheim Fairfield INN
2394,Yancey's Fancy
2396,Ky Personnel Cabinet
2398,C P Ward
2400,Ag ProVision Inc
2412,RiskAware
2418,CJ Vitner Co
2420,Integral Consulting Inc
2422,Charles C Brandt Construction
2424,Weis Markets
2426,Eastern Petroleum Corp
2428,ABB
2430,Forward Service Corporation
2448,Cintas Corporation
2450,City of Harrisonburg HDPU
2452,Villa Fairmont
2454,CTP
2456,Keefe Memorial Hospital
2458,Cabelas
2460,WHIRLPOOL CORPORATION
2462,Smithfield Farmland
2480,Liberty Tire Recycling
2482,WPT Corporation
2484,Mdta
2486,Lamar Cons Ind School District
2488,Woodland Foods
2490,Doncasters Storms Forge
2492,Domtar Co
2494,Dayton Superior
2512,Montgomery County Public Schools
2514,Saint-Gobain
2516,Greater Cleveland Regional Transit Auth
2518,Kell Painting Decorating
2520,Crown Beverage Packaging
2522,St. Christopher's Inc
2524,Tree Top Inc
2526,Electronic Systems Inc
2544,LL Products
2546,Lakeside Plastics Inc
2548,Strategic Materials
2550,Scallon Controls Inc
2552,Move 4 Less
2554,Cirsa
2556,ScottRice
2558,Bentwater Yacht & Country Club
2576,Thermal Transfer Products
2578,Lawton Correction Facility
2580,Ever-Green Energy
2582,American Steamship Company
2584,Nmdot
2586,Maui Soda & Ice Works Ltd
2588,Inspiration Field
2590,Milbank Mfg Co
2608,Amerimax
2610,Art Iron Inc
2612,ICON Air & Mechanical Services
2614,Holy Cross Energy
2616,JB Dewar Inc
2618,Tsg
2620,Lam Research
2622,Ecri Institute
2640,IHP
2642,Diversified Service Contracting
2644,TSS Technologies
2646,Calise & Sons Bakery
2648,Flowers baking co.of norfolk va
2650,Republic Paperboard
2652,Total Safety Consultant
2654,NOCO Energy Corp
2672,Henkel Corporation
2674,Fabestfoods
2676,KTG USA
2678,Simco-Ion an ITW Co
2680,Natural Resources Research Institute
2682,Sysco Arizona
2684,Christmas Designers
2686,Arban & Carosi
2700,Pentair Water
2706,Jtec Industries
2708,Marriott's Ko Olina Beach Club
2710,Weitz Company
2712,Fresno City Water System
2714,Chicago Container
2716,Fultonn Companies
2718,CS Scrap
2736,Roadco Transportation Services Inc
2738,Sofidel America
2740,Pennsylvania Steel Co
2742,Shutterfly
2744,PCI
2746,Dart Container Corp
2748,Superior Water Light & Power Company
2752,Cutler Associates Inc
2754,Kenny Construction Company
2770,Mastrantoni Wholesale
2772,Taghleef Industries
2774,TDIndustries
2776,Dole Packaged Foods
2778,Soderberg Masonry Inc
2782,Phillips Academy Department of Public Safety
2784,Cargill Incorporated
2792,Proclain Hydraulics Incorporated
2794,Everlast Roofing Inc
2804,Aspen Skilled Health Care
2806,True Blue
2808,U.S. Express Logistics Inc
2810,Signature Engraving Systems Inc
2812,National Grid
2820,Tyson Foods
2832,Dot Foods Incorporated
2834,Ply Gem Incorporated
2836,City of Bryan
2838,Essilor of America
2840,Strada
2842,Delta Air Lines Inc
2844,The Crown Group
2846,Wheeling Park High School
2860,WeylChem US Inc
2862,NH Motor Speedway
2864,Lisega Manufacturing
2868,Digging & Rigging Inc
2870,Inalliance
2872,SBS
2876,Stand-By Personnel
2878,Kansas City Zoo
2894,City of Gainesville
2896,Berkshire Industries Incorporated
2898,Xiologix
2900,General Monitors Inc
2902,Consumer Product Distributors
2904,JD Eckman Inc
2906,County of Santa Cruz DPW
2924,US Mint
2926,Sogsc
2928,Total Integrated Safety Training Systems
2930,RW Collins
2932,Usace
2934,MBTA
2936,Escalon Premier Brands Incorporated
2938,Tri-City Glass
2956,Connect Staffing
2958,Muscatine Community School District
2960,Modular Transportation
2962,Moodys of Dayton Inc
2964,City of Chicago
2966,Texas Hospital Insurance Exchange
2968,RK&K
2970,United Liquid Waste Recyclling
2988,The Lincoln Electric Co
2990,Hamilton Exhibits
2992,Milton Roy Co Flow Control Div
2994,GE Hitachi Nuclear Energy
2996,Xenotech
2998,Balance Staffing
3000,Lantmannen Unibake
3002,City of Bethany
3020,Gpc
3022,Leigh Fibers Inc
3024,Center for Family and Child Enrichment
3026,Acoustics Research
3028,Sparton
3030,City of Santa Rosa
3032,Anadarko Dozer
3034,Complete Coach Works
3052,Butler Sign Company
3054,United Airlines
3056,Macy's Logistics and Operatons
3058,Taylor creek restoration nurseries
3060,Xcel Energy
3062,Stone Mountain Access Systems Inc
3064,Lakeside Metals
3066,Alpena Power Co
3084,Tradebe
3086,Ppc Lubricants Inc
3088,Aveyron Homes Inc
3090,FONTANA WOOD TREATING
3092,UTC Aerospace Systems
3094,Abm
3096,Laurence-Hovenier Inc
3098,Meenan Oil
3116,Ls Consulting
3118,Nestle Water North America
3120,Verso
3122,Scotts Co
3124,Viking Air
3126,R Ventures
3128,Kennesaw State Univ
3130,Ultrafryer Systems
3148,Entergy
3150,Titan Solutions
3152,Pullman Power Llc
3154,Park 100 Foods
3156,Mc Cutcheon Design Cnt
3158,Amaray
3160,Hissho Sushi
3162,CM3 Building Solutions
3180,Travelers
3182,Hamrick Mills Inc
3184,Corn Plus
3186,DHL Supply Chain
3188,XPO Logistics
3190,Toledo Refinery Company
3192,Aries Prepared Beef
3194,Ball Chatham School Dist #5 - GHS
3212,City of Sacramento
3214,TJX Inc
3216,Bi Con
3218,Jay Dee Contractors
3220,Pace Academy
3222,Suncoast Hotel & Casino
3224,Ceva Biomune
3226,Noble Energy Inc
3244,Central Oregon Intergovernmental Council
3246,Scharr Industries Inc
3248,Mid Atlantic Baking Co
3250,Troxell Insurance
3252,Rumber Materials
3254,Yagi Brothers
3256,Gold Star Foods
3258,Uncle Wally's Llc
3276,Abaxis
3278,Pilkington/NSG
3280,E Risk Solutions
3282,OMADA Sumner
3284,Peterson Party Ctr Inc
3286,Food City Distribution Center
3288,T A Instruments
3290,Coastal Industrial Company LLC
3308,Pilgrim's
3310,Bechtel
3312,Cscc
3314,H&H Maintenance & Consulting
3316,Rugby Architectural Building Products
3318,Pro Traffic/So Cal Elite Traffic/Pro Energy Servic
3320,In Place Machining Co
3322,Acument Global Technologies
3340,Hayward Baker Inc
3342,Munich Welding Welding
3344,Park Chrysler Jeep
3346,National Filter Media
3348,TMA
3350,Cincinnati Insurance Company
3352,Richard Kinney Inc
3354,Spirit Services Inc
3372,Scr Construction
3374,Kiawah Island Golf Resort
3376,Salem Keizer School District
3378,DuPont Pioneer
3380,Elizabethton/Carter County Emergency Management Ag
3382,Davidson Transportation (mta)
3384,Schwebel Baking Co
3402,Sunhill Logistic
3404,Bueno Beverage Company
3406,Mayacama Golf Club Llc
3408,Chapa-De Indian Health Program
3410,Graham Packaging
3412,G&J Pepsi
3414,Dakota Sioux Casino & Hotel
3416,Johnson Controls Inc
3434,SolEpoxy Inc
3436,National Gypsum
3438,GNH Services
3440,Douglas Fast Net
3442,Hudson Lock LLC
3444,Saddle Creek Logistics Services
3446,Uhl Truck Sales
3448,American Coach Lines of Atlanta / Megabus Southeas
3466,Reliable Concepts Corporation
3468,CIWP - Community Integrated Work Program
3470,Kezco Safety Services
3472,Razor Composites
3474,Bekaert Corp
3476,NiSource
3478,Martinrea International Inc
3480,Mardi Gras Casino
3498,ZPower
3500,Gildan
3502,Phibro
3504,Intertek Building & Construction
3506,Hawaiian Cement
3508,Xerium
3510,Core-Mark Las Vegas
3512,Jones Stephens
3530,Community Vision Inc
3532,Deb Group Ltd
3534,C-4 Environmental Services LLC
3536,University of California Riverside
3538,MTF
3540,Molex LLC
3542,Ventura Foods
3544,VersAbility Resources
3562,Builders FirstSource
3564,United Facilities
3566,WIZ
3568,Futuris
3570,Wesco Gas & Welding Supply Inc
3572,Serta Mattress Company
3574,Dolco Packaging
3592,Dgi Menard Inc
3594,Bio-Rad Laboratories
3596,SWD Inc
3598,R & C Stagelines
3600,Simpson Lumber Company Llc
3602,Ligonier Construction
3604,Ten Mile Paving LLC
3606,Guido's Fresh Marketplace
3624,Technology Consulting Services
3626,EE Austin
3628,Tei Construction/Electric
3630,J.B.C. Maint-Shop
3632,Lancer Direct
3634,Protec Industrial Services Llc
3636,Goodwill Industries Swfl
3638,Washington County
3656,Labor Finders
3658,Oceanside Unified School District
3660,Pro Care Health Plan
3662,Central City Labor
3664,Kroger
3666,Taylored Services
3668,Commonwealth of Virginia
3672,First Quality Maintenance II Llc
3680,Jackson Iron & Metal
3690,Sodexo
3692,Oltmans Construction Co
3694,Canam Steel Corporation
3696,Compass Group
3698,F&B Mfg LLC
3700,Mason Co
3702,Paychex
3720,AGI Nobleford
3722,Lubrizol
3724,Kole Construction Co Inc
3726,DuPont Nutrition and Health
3728,Aacer Flooring
3730,Wm W Meyer & Sons
3732,Seaworld of Florida
3734,Town of Snowmass
3752,Van Drunen Farms
3754,Jacobs Farm Del Cabo
3756,Goetsch's Welding & Machine Inc
3758,Southern States Packaging Company
3760,Cutting Edge Resources
3762,Bethesda Associates
3764,Azusa Pacific University
3782,ADESA Calgary Canada
3784,ETHRA Public Transit
3786,Lindsay Corporation
3788,Paper Systems Inc
3790,Kaba Ilco Corporation
3792,Legacy Funeral Group
3794,Greensboro Country Club
3796,ECM Supply
3814,B.I.G. Enterprises Inc
3816,Prevent
3818,Feintool Tennessee
3820,Herman Miller
3822,Colonial Group Inc
3824,Weyerhaeuser Company
3826,Residential Support Services
3844,US Foods Inc
3846,Tension Envelope
3848,Anderson Erickson Dairy
3850,Gtekt North America Corp
3852,Airtech Products Inc
3854,American Waste Management Services Inc
3856,Lehigh Hanson
3858,Norstar Aluminum Molds Inc
3876,Sonoco Products
3878,Plug Power
3880,Genentech
3882,Indian River Colony Club
3884,Jewish Senior Services
3886,Mendel and Company Construction
3888,P.H. Glatfelter
3900,Metzler Bros. Inc
3902,Conagra Lambweston
3904,Weyerhaeuser
3906,-
3908,One Step Ahead
3918,Parker Price Venture Capital Inc
3920,Weber Display & Packaging
3922,Esci inc
3924,Coastal Structures
3934,Giles Industries
3936,Cerex
3938,Main Electric Supply
3940,White River Electric Association Grand Valley Powe
3950,Alabama Power
3952,Dura-Fibre LLC
3954,Birchwood Foods
3956,Dannon
3966,Asset Genie
3968,Zumtobel
3970,Camber Pharmaceuticals
3972,Peco
3982,RMC
3984,Packaging Specialties inc
3986,Coast Electric Power Assoc
3988,City of Modesto
3998,Denco II Llc
4000,Meyco Products Inc
4002,Bolie Services
4004,Cool Today
4014,NuSil Technology LLC
4016,Pentagon
4018,Cps Energy
4020,Unimin
4030,Human Technologies Corp
4032,Stewart Construction LLC
4034,Deceuninck
4036,Las Vegas 51S Baseball
4042,Nalas Engineering
4044,Kem Krest
4062,Neill Aircraft Company
4064,FONA International
4066,VIASANT LLC
4068,McCrossin Foundations LLC
4070,Letter Concepts
4072,Reinhart foodservice
4074,Wayne Crouse Inc
4076,ECI
4094,Churchill Container Company
4096,Ruprecht
4098,NGC Industries
4100,Frattalone Co
4102,California Chicken Cafe
4104,Vanport Mechanical & Fire Sprinkler
4106,Novolex
4124,Nic Partners Inc
4126,Del Monte Foods Inc
4128,Graniteville Specialty Fabrics
4130,Hard Rock Rocksino
4132,MV Transportation
4134,Operating Engineers Training Trust
4136,Seaboard Foods
4154,Family Christian Health Care
4156,American Synthetic Rubber Company
4158,Walmart DC 6065
4160,Mariah Foods
4162,JP Mascaro & Sons
4164,Marich Confectionery
4166,Huhtamaki
4168,Duncan Aviation
4186,Chemours
4188,Mom Brands
4190,Wawona Packing Company LLC
4192,Cato Inc
4194,Valley Rubber
4196,Bloom Energy
4198,Nelson Plumbing Inc
4200,Mobis North America
4218,JR Simplot
4220,Graphic Packaging International Inc
4222,Schlouch Inc
4224,Elite Line Services
4226,Caldwell Transportation Co Inc
4228,VSW
4230,National Acoustics Inc
4232,Norwegian Christian Home
4250,Airtech
4252,Aderemi Oyedijo
4254,Distribution Solutions LLC
4256,Catawba County Schools
4258,Pa College of Technology
4260,SWA Pty Ltd
4262,American Crane
4264,Mtc/Marshall County Correction
4282,GULF STATES TOYOTA
4284,Gregory Construction Services
4286,Boys & Girls Clubs of America
4288,Jewish Senior Living Group
4290,Oliver Tolas Healthcare Packag
4292,Tomco
4294,United States Sugar Corp
4296,Alta Dena Dairy
4314,Kranos Corporation
4316,Pascack Valley Design
4318,Mobile Forklift and Truck Service Inc
4320,FLOE Intl
4322,La Posada Hotel
4324,City of Rochester
4326,Essex General Construction
4344,David M Reed CPEA
4346,Medtronic
4348,Dicarlo Concrete Inc
4350,Weil-McLain
4352,Housing Authority of Covington
4354,LUX Global Label Co. LLC
4356,Ej
4358,Azi
4376,Leavitt Group
4378,Central Carolina Scale Inc
4380,Archer Daniels Midland Co
4382,AmServ LTD DuSan Ambulance
4384,General Safety Services Corp
4386,Sivance LLC
4388,Norelco
4390,Aramco
4408,Mid-America Manufacturing
4410,Marcellus Family Medicine
4412,Zippys
4414,Lighthouse Environmental Services Inc
4416,Calihan Pork Processors
4418,Safety Kleen Corp
4420,Associated Asphalt
4422,Performance Industrial
4440,Mettiki Coal LLC
4442,Calpine
4444,SMS Mill Services
4446,Dynalectric
4448,K.K. Stevens Publishing Co
4450,NCAT
4452,Dollar Tree
4470,Fmc Spectra Laboratories
4472,Federal Mogul Corp
4474,S&T Telephone Coop Assn
4476,US Boiler
4478,UGI Energy Services
4480,Quality Ingredients Corp
4482,Sequential Pacific Biodiesel
4484,DLZ Corp
4502,Hardinger Transfer Co Inc
4504,Suzys Cheesecakes
4506,SEMANO Electric Coop
4508,NAPI
4510,Peri Formwork Systems Inc
4512,APEX Piping Systems Inc
4514,Northside Foods (Smithfield)
4516,Horizon Personnel Services
4534,House of Willard Brown
4536,Tremco
4538,A and B Industrial Services
4540,HS Plumbing and Heating
4542,Hart Components
4544,Owens & Minor
4546,Accu Staffing
4548,G-M Wood Products
4558,River Terminal
4566,Danfoss
4570,Allied Steel
4572,Medplast
4574,Roxwell Waterhouse
4576,Newell Brands - Rubbermaid
4578,Southwest Offset Printing
4584,Clima-Tech LLC
4596,Mr
4598,Pactiv
4602,Wayne County Transportation System
4604,CITY OF BEAVERCREEK
4606,Mitsubishi Caterpillar Forklift America
4608,Storm Technologies Inc
4610,Wegmans Food Markets
4628,Sheet Metal Werks
4630,Naturex
4632,PalletOne of NC Inc
4634,Evergreen Industrial Services
4636,BEI
4638,Portage Inc
4640,AmeriGas Propane
4658,Boys and Girls Club
4660,City of Frisco Texas
4662,Ball Corporation
4664,RBA
4666,Sheraton Denver Tech Center
4668,Cherokee Electrical
4670,Mental Health Systems Inc
4672,E Jordan Brookes Co
4686,Chester Water Authority
4692,Del Monte Fresh Produce
4694,DHL
4696,Americas Thrift Store
4698,Primex Design and Fabrication
4700,Evonik Corp
4702,Gibbs Construction
4704,Independence Power and Light
4722,Superior Cranes Inc
4724,Select nutrition
4726,Mass Electric
4728,Delfield
4730,Excel
4732,Verso Paper Corp
4734,Cheeca Lodge & Spa
4752,Covan World Wide Moving Inc
4754,Deez Unlimited Transport Inc
4756,Consultant
4758,Millard Lumber Inc
4760,CSM Bakery Solutions
4762,Girl Scouts of Black Diamond Council
4764,BWAY Corporation
4766,First Wind
4782,Airgas
4784,Home Business
4788,Sabra Dipping Co
4790,SCIEX
4792,Ward Corp
4794,Fairfieldnodal
4796,Canterbury Woods
4800,Exelon
4804,Sci-Tek Staffing
4816,TESSCO Energy Services
4818,Smithsonian Institution
4820,Ameren Missouri
4822,UC Davis Health
4824,FSG Electric
4828,Granger Construction Company
4836,AWS
4846,MARCORSYSCOM
4848,Signode Industrial Group
4850,ASENDIA USA
4852,Nesika Energy LLC
4854,Hilton Myrtle Beach Resort
4856,Cumberland Environmental Resources Co
4874,Quality custom distribution
4876,Precision Concepts Group
4878,Anderson Produce Company Inc
4880,Washita Valley Enterprises
4882,Coastal an Oldcastle Company
4884,Minnkota Power Cooperative
4886,Southerland Inc
4888,AGC
4906,Starwest Botanicals Inc
4908,Geo Group
4910,Wallace Lumber Company
4912,Quarles Petroleum Inc
4914,SmartWatt
4916,Sundt Construction Inc
4918,Cheer Pack North America
4920,Chsli
4938,Gmwss
4940,Rosenbauer SD
4942,ARC Document Solutions
4944,Coghlin Electric
4946,WH Canon
4948,Southeast Missouri Hospital Association
4950,SJESP
4968,Goodwill Industries
4970,Calpia
4972,Tech Data
4974,All Phase Solutions LLC
4976,Merrick Inc
4978,Legacy Housing Ltd
4980,Acme Corrugated Box Co Inc
4982,Duke
5000,Hawaiian Airlines
5002,Radial
5004,Chrysler
5006,Tony's Fine Foods
5008,Pet Supplies Plus
5010,City of Pineville
5012,Parker Hannifin Baldwin Filters
5014,Rand Whitney Containerboard
5032,J&G Steel
5034,Sabores Sensueles
5036,Worwag
5038,SCHOTT North America Inc
5040,Sdiamondsteel
5042,Greif Packaging LLC
5044,Ventra
5046,Wrap Tite Inc
5064,Fieldale Farms Corporation
5066,Zenith Insurance
5068,BATESVILLE LOGISTICS INC
5070,CertainTeed
5072,Coca-Cola Bottling Co
5074,TN School for the Blind
5076,Malnove Incorporated
5094,Deb Best Practices - NYS Certified WBE
5096,Armstrong Fluid Technology
5098,Mega Contractors Inc
5100,FCC Environmental
5102,Penoco Inc
5104,Progressive Roofing
5106,Afscme Local 1739
5108,Sea Oaks
5126,SouthFresh
5128,QIC Corp
5130,Scott Freer Electric Inc
5132,Menlo
5134,Ethical Factor RX
5136,Turner Industries
5138,Hunter Engineering Company
5140,Seacor Island Lines
5158,City of Cottonwood
5160,KOCH Agriculture Co
5162,General Drilling
5164,IER Fujikura Incorporated
5166,Nycirb
5168,Viele & Sons
5170,USPS
5172,Ergon Inc
5190,Guardian Service Industries
5192,IKEA Round Rock
5194,D&L Meters
5196,Leigh Heavy Forge
5198,Techniplas
5200,United Dairy Farmers
5202,Dunn Paper
5220,Maysteel
5222,Trulite
5224,ODEC
5226,Boehringer Laboratories
5228,ITW CCNA
5230,Baytown Construction
5232,Ibtech
5234,Bimbo Bakeries USA
5252,Dongwon Autoparts Technology Alabama LLC
5254,Ingram Micro
5256,Meritex LLC
5258,ArcelorMittal-Riverdale
5260,Compton Unified School District
5262,Thompson Engineering
5264,Empire Contractors
5266,Environmental Contract Operations
5284,Soft-Lite LLC
5286,Evergreen Packaging
5288,Sun State International Trucks
5290,M.P.G. Pipeline Contractors LLC
5292,Bluegreen
5294,Nippon Express USA
5296,Calgon Carbon Corp
5298,AGR Group
5310,CONRAD CONSTRUCTION LLC
5312,Playworld
5314,Bradley-Prosperity Vol Fire Dept
5316,Sprayfoam Southwest Inc
5318,PotlatchDeltic
5328,Marvin Engineering Incorporated
5330,Dollar Tree Stores Incorporated
5332,Safeway
5334,Systems Electro Coating
5344,McKesson Medical Surgical
5346,Holiday Inn Park Central
5348,SGC Foodservice
5350,Newmont Cripple Creek and Victor Gold MIne
5358,The Ritz-Carlotn New Orleans
5360,High Priority Plumbing
5364,Distribution Technology
5366,Vintech Industries
5374,Goodwest Linings & Coatings
5378,Brothers Food
5380,Oregon Ice Cream Company
5384,Pepperidge Farm Inc
5390,Eaton Aerospace
5396,ITW Refrigeration / Traulsen & Kairak
5398,M Holland
5400,Viskase Corp
5402,Malnove of Utah
5412,Penelec
5414,FSS Food Service Specialties Inc
5416,HM Dunn Aerospace
5418,Match Group
5426,Amtopp/Inteplast
5428,ITW Appliance
5430,Lutco Inc
5438,V T I Industries
5440,Hospice of Amador and Calaveras
5442,J E S Foods Inc
5450,City of Elizabeth City
5452,Fit To Be Clean
5454,Tyson
5456,Dekalb Ind School District
5460,Life Care Services
5464,Tammy J Rossomando
5468,Medical Action Industries
5472,Praters Foods
5476,Environmental Specialties International
5480,Crystal Finishing Systems
5484,James Cleaning
5488,Granger
5508,Concordia
5510,Blackwater Community School
5512,Aramark Refreshment Services
5514,Centennial Plastics
5516,Bel-O Sales & Service
5518,AmerisourceBergen
5520,Abbott Bus Lines Inc
5522,"Capstone Insurors, Inc."
5540,Bermo Inc
5542,Brandt Consolidated Inc
5544,CertainTeed Inc
5546,Acme Smoked Fish Corporation
5564,Broce Mfg
5566,Chemol
5568,Construction Service
5570,Caraustar
5572,Aryzta LLC
5574,Acme Smoked Fish of Florida
5592,Amor IX
5594,Continental Cement Co
5596,CIRCOR
5598,Astec Mobile Screens
5600,Allied Telesis
5618,AO Smith
5620,Brooke Glen Behavioral Hospital
5622,Circor Energy
5624,Bearings Service Co
5626,Amcor Flexibles
5644,Amerisource Bergen
5646,Brox Industries LLC
5664,City and County of Broomfield Wastewater Plant
5682,Berry Plastics Goshen
5684,Cooper Standard Automotive
5686,AO Smith Water Products Company
5688,City of Amarillo Solid Waste Collection
5706,Applied Polymerics  Inc
5708,Cacique
5710,"Core Mark, International"
5712,Cleveland Tubing Inc
5714,Berry Plastics Sioux Falls
5732,Cameron International
5734,Beverage Air
5752,Gunton Corp
5754,DentalEZ Inc
5756,FXI Foamex Innovations
5758,Dynamic Recycling
5760,Fidelity Engineering
5764,"Infiana USA, Inc"
5766,Kerry Group
5780,CPC Printing & Promotions
5782,Die-Tech Inc.
5784,HB Fuller
5786,Fleetwood Signode
5790,Eagle River Water & Sanitation District
5794,Knauf Insulation Inc
5810,Fluor Facility Plant Services
5812,Gaslamp Plaza Ste
5826,Dion & Sons
5832,Franzen Graphics Inc
5834,Crothall Facilities
5852,GEHA
5854,International Paper- Fond Du Lac
5856,Lactalis USA
5858,Crothall Healthcare-Frisbie
5876,Frito Lay
5878,Dairiconcepts
5880,ECI NAG
5882,Gordonsville Power Station
5884,Hubbell Electric Heater
5886,Jabat
5904,Doubletree Hotel by Hilton
5906,JJ Taylor Distributing
5918,Daybreak Foods
5924,Future Aviation
5928,Lassen MUD
5944,Daybreak Foods Inc
5946,Lci Lineberger Construction Inc
5948,IKEA
5950,Dudley Poultry Co
5952,JST Corporation
5970,Endura Products Corp
5972,Levi Strauss & Co
5990,Decas Cranberry Product Inc
5992,Materion Brush
5994,"LGSTX Services, Inc. Memphis"
5996,MGP Ingredients Lawrenceburg
5998,Mondi Akrosil
6000,Napa Sanitation District
6002,Morris Township Health Dept.
6018,Navistar Inc-Las Vegas
6022,Mobile Modular Management Corp
6024,Lighthouse Care Center of Conway
6040,Nashville MTA
6048,Monroe County Transit
6056,LGSTX Services Inc Winter Garden
6062,National Material Co
6064,Navistar UpTime Parts
6070,Madera Cemetery Dist
6084,Medimmune
6090,"Navistar, Inc-Fairburn"
6094,"Manor Park, Inc."
6104,"LGSTX Services, Inc Dallas"
6108,MPI Research
6112,Menasha Preprint Group
6126,"LGSTX Services, Inc Erlanger"
6128,Mt Vernon Neon
6134,Navistar
6138,Navistar-Dallas
6152,MGP Ingredients
6156,Multi-Plastics Extrusions
6176,Murphy Industrial Coatings
6178,Navistar Inc-Joliet
6180,"LGSTX Services, Inc."
6182,Navistar-York
6200,New Leaf BioFuel
6202,"LGSTX Services, Inc. Indianapolis"
6220,Pencor Services
6222,Platt Brothers & Co Inc
6224,North Florida Sales
6226,SMG LLC-CCSU
6228,San Clemente Inn
6230,Robroy Industries
6232,Ridge Tool Co
6250,Pride Ag Resources
6252,SMG LLC-Wesleyan
6254,Pierce Distribution Services Co.
6256,OC McDonald Company
6258,Southland Industries
6276,Roppe Corp
6278,SAS Safety Corp
6280,Smoketree Lodge
6282,PRIMUS Technologies Corp.
6284,Southwest Tennessee Electric Membership Corporatio
6286,Ojai Valley Sanitary District
6304,Sovena USA
6322,Quick Crete Products
6324,SH Enterprises
6326,Olam Spices & Vegetables
6328,South Bay Cable Corp
6346,"Roxul?USA, Inc"
6348,Quikrete
6350,Stampings of Minnesota
6352,Olameter Corporation
6354,Signode Packaging
6358,Southern Wine & Spirits of America
6374,Starline USA Inc
6376,Silgan White Cap
6394,Ryder Integrated Logistics
6410,Rapp Contracting
6412,Ryder Supply Chain
6414,SMG Corporate Services- Regeneron
6430,Safety Solutions
6436,SMG Corporate Services-Manhattanville
6448,Torrance County
6454,Tahoe Beach & Ski Club
6456,Vie de France Yamazaki
6458,Watts Water Technologies
6460,STAT Medical Transport Inc
6474,University of Pennsylvania Laboratory Animal Resou
6488,Wincup
6492,Triangle Tech
6502,W Bradley Electric
6504,Technetics Group
6508,Stokes Mechanical Contractor
6510,Urick Foundry
6516,Tyco - Williams
6524,Technetics Group-Daytona Beach
6526,W.M. Freestate & Son
6528,Superior Fence and Rail of North Florida
6532,US Durum Milling
6534,Tyco Williams Fire & Hazard Control
6548,Superior Water Proofing
6550,The Best Egg Company
6564,Wabash National
6568,Sutherlin Optical
6570,Thermo Fisher
6572,Vernay
6584,Wabash National ? AVTE
6596,Unilever
6606,Waste Connections
6608,Beverage Air
6610,Applied Polymerics Inc
6612,Abbott Bus Lines Inc
6614,Construction Service
6616,Fidelity Engineering
6618,Decas Cranberry Product Inc
6620,Gunton Corp
6622,Cargill
6624,Blackwater Community School
6626,Acme Smoked Fish Corporation
6628,Centennial Plastics
6630,Continental Cement Co
6632,ARAMARK Refreshment Services
6634,HB Fuller
6636,DentalEZ Inc
6638,Acme Smoked Fish of Florida
6640,Brandt Consolidated Inc
6642,Aryzta LLC
6644,Fleetwood Signode
6646,Allied Telesis
6648,Die-Tech Inc.
6650,Cooper Standard Automotive
6652,Hubbell Electric Heater
6654,CertainTeed Inc
6656,Fluor Facility Plant Services
6658,Broce Mfg
6660,Ikea
6662,Astec Mobile Screens
6664,Brooke Glen Behavioral Hospital
6666,Franzen Graphics Inc
6668,Chemol
6670,"Core Mark, International"
6672,Amcor Flexibles
6674,Dion & Sons
6676,Bearings Service Co
6678,Frito Lay
6680,"Infiana USA, Inc"
6682,CIRCOR
6684,Bel-O Sales & Service
6686,Doubletree Hotel by Hilton
6688,Brox Industries LLC
6690,CPC Printing & Promotions
6692,AmeriSource Bergen
6694,International Paper- Fond Du Lac
6696,Future Aviation
6698,Circor Energy
6700,Bermo Inc
6702,Jabat
6704,Cacique
6706,City and County of Broomfield Wastewater Plant
6708,Dudley Poultry Co
6710,AmerisourceBergen
6712,FXI Foamex Innovations
6714,Crothall Facilities
6716,Berry Plastics
6718,Dynamic Recycling
6720,City of Amarillo Solid Waste Collection
6722,Cameron International
6724,Crothall Healthcare-Frisbie
6726,JJ Taylor Distributing
6728,Amor IX
6730,Eagle River Water & Sanitation District
6732,Gaslamp Plaza Ste
6734,"Capstone Insurors, Inc."
6736,Berry Plastics Goshen
6738,Cleveland Tubing Inc
6740,Dairiconcepts
6742,JST Corporation
6744,AO Smith
6746,Daybreak Foods
6748,Berry Plastics Sioux Falls
6750,ECI NAG
6752,GEHA
6754,Caraustar
6756,Concordia
6758,AO Smith Water Products Company
6760,Kerry Group
6762,Endura Products Corp
6764,Daybreak Foods Inc
6766,Knauf Insulation Inc
6768,"LGSTX Services, Inc. Indianapolis"
6770,Mobile Modular Management Corp
6772,National Material Co
6774,Lactalis USA
6776,OC McDonald Company
6778,Gordonsville Power Station
6780,Navistar
6782,Quikrete
6784,SAS Safety Corp
6786,"LGSTX Services, Inc. Memphis"
6788,Lassen MUD
6790,Ojai Valley Sanitary District
6792,Mondi Akrosil
6794,Navistar Inc-Joliet
6796,Rapp Contracting
6798,Southern Wine & Spirits of America
6800,Levi Strauss & Co
6802,Monroe County Transit
6804,Lighthouse Care Center of Conway
6806,Olam Spices & Vegetables
6808,SH Enterprises
6810,Ridge Tool Co
6812,Levi Strauss & Co
6814,Morris Township Health Dept.
6816,Navistar Inc-Las Vegas
6818,Madera Cemetery Dist
6820,Southland Industries
6822,Levi Strauss & Co
6824,Olameter Corporation
6826,MPI Research
6828,Navistar UpTime Parts
6830,LGSTX Services Inc Winter Garden
6832,Southwest Tennessee Electric Membership Corporatio
6834,Signode Packaging
6836,Robroy Industries
6838,"Manor Park, Inc."
6840,Pencor Services
6842,"Navistar, Inc-Fairburn"
6844,Mt Vernon Neon
6846,Silgan White Cap
6848,Sovena USA
6850,Materion Brush
6852,"LGSTX Services, Inc Dallas"
6854,Roppe Corp
6856,Stampings of Minnesota
6858,Multi-Plastics Extrusions
6860,SMG Corporate Services- Regeneron
6862,Navistar-Dallas
6864,Pierce Distribution Services Co.
6866,"LGSTX Services, Inc Erlanger"
6868,Medimmune
6870,Murphy Industrial Coatings
6872,Navistar-York
6874,Platt Brothers & Co Inc
6876,Starline USA Inc
6878,"LGSTX Services, Inc."
6880,SMG Corporate Services-Manhattanville
6882,"Roxul?USA, Inc"
6884,Menasha Preprint Group
6886,Ryder Integrated Logistics
6888,SMG LLC-CCSU
6890,Sutherlin Optical
6892,Napa Sanitation District
6894,STAT Medical Transport Inc
6896,New Leaf BioFuel
6898,Pride Ag Resources
6900,SMG LLC-Wesleyan
6902,Ryder Supply Chain
6904,MGP Ingredients
6906,Tahoe Beach & Ski Club
6908,North Florida Sales
6910,Stokes Mechanical Contractor
6912,Nashville MTA
6914,Smoketree Lodge
6916,PRIMUS Technologies Corp.
6918,MGP Ingredients Lawrenceburg
6920,Safety Solutions
6922,South Bay Cable Corp
6924,Technetics Group
6926,Tyson Foods
6928,Superior Fence and Rail of North Florida
6930,Wabash National
6932,Quick Crete Products
6934,San Clemente Inn
6936,Superior Water Proofing
6938,Technetics Group-Daytona Beach
6940,Unilever
6942,Wabash National ? AVTE
6944,The Best Egg Company
6946,Waste Connections
6948,Universal Forest Products
6950,Thermo Fisher
6952,University of Pennsylvania Laboratory Animal Resou
6954,Watts Water Technologies
6956,Torrance County
6958,Urick Foundry
6960,Wincup
6962,Triangle Tech
6964,Tyco - Williams
6966,US Durum Milling
6968,Tyco Williams Fire & Hazard Control
6970,Vernay
6972,Vie de France Yamazaki
6974,W Bradley Electric
6976,W.M. Freestate & Son
6978,ACC
6982,Marita Mathe
6986,Bridgestone Golf
6990,Ladybug Cleaning Service LLC
6994,Warsaw Chemical Co Inc
6998,Wilderness at the Smokies
7002,Tvpoa
7006,HALCON
7010,Beasley Group
7014,EnviroScience Inc
7018,D. C. Taylor Co